AIRPORT,SEATS,OCCUPIED,TIME
LAX,200,166,WEEKDAY
JFK,200,172,WEEKDAY
LAX,200,181,WEEKDAY
YVR,200,0.8015605149864419,WEEKDAY
LAX,250,226,REDEYE
JFK,250,218,REDEYE
LAX,250,228,REDEYE
YVR,250,0.8512271126600868,REDEYE
LAX,450,380,WEEKDAY
JFK,450,358,WEEKDAY
LAX,450,384,WEEKDAY
YVR,450,0.8656639415944541,WEEKDAY
LAX,200,169,REDEYE
JFK,200,172,REDEYE
LAX,200,171,REDEYE
YVR,200,0.8329191248281891,REDEYE
LAX,250,217,WEEKDAY
JFK,250,198,WEEKDAY
LAX,250,216,WEEKDAY
YVR,250,0.7803291989211124,WEEKDAY
LAX,450,366,REDEYE
JFK,450,414,REDEYE
LAX,450,382,REDEYE
YVR,450,0.8553987130785677,REDEYE
LAX,200,177,WEEKDAY
JFK,200,175,WEEKDAY
LAX,200,171,WEEKDAY
YVR,200,0.8333428123492743,WEEKDAY
LAX,250,224,REDEYE
JFK,250,210,REDEYE
LAX,250,223,REDEYE
YVR,250,0.7945899205987668,REDEYE
LAX,450,350,WEEKDAY
JFK,450,378,WEEKDAY
LAX,450,368,WEEKDAY
YVR,450,0.7907872029425459,WEEKDAY
LAX,200,164,REDEYE
JFK,200,174,REDEYE
LAX,200,170,REDEYE
YVR,200,0.820772131530063,REDEYE
LAX,250,225,WEEKDAY
JFK,250,197,WEEKDAY
LAX,250,216,WEEKDAY
YVR,250,0.7821565847934343,WEEKDAY
LAX,450,365,REDEYE
JFK,450,386,REDEYE
LAX,450,351,REDEYE
YVR,450,0.8606020082426841,REDEYE
LAX,200,179,WEEKEND
JFK,200,160,WEEKEND
LAX,200,171,WEEKEND
YVR,200,0.8907862192483059,WEEKEND
LAX,250,205,WEEKEND
JFK,250,213,WEEKEND
LAX,250,215,WEEKEND
YVR,250,0.9019282181167748,WEEKEND
LAX,450,366,WEEKEND
JFK,450,351,WEEKEND
LAX,450,347,WEEKEND
YVR,450,0.8583820523775021,WEEKEND
LAX,200,178,WEEKEND
JFK,200,159,WEEKEND
LAX,200,167,WEEKEND
YVR,200,0.9123191305379907,WEEKEND
LAX,250,210,WEEKEND
JFK,250,205,WEEKEND
LAX,250,211,WEEKEND
YVR,250,0.833395476947645,WEEKEND
LAX,450,389,WEEKEND
JFK,450,351,WEEKEND
LAX,450,385,WEEKEND
YVR,450,0.8916250051396701,WEEKEND
LAX,200,182,WEEKDAY
JFK,200,168,WEEKDAY
LAX,200,175,WEEKDAY
YVR,200,0.795460402462682,WEEKDAY
LAX,250,205,REDEYE
JFK,250,222,REDEYE
LAX,250,212,REDEYE
YVR,250,0.7703631626946558,REDEYE
LAX,450,347,WEEKDAY
JFK,450,388,WEEKDAY
LAX,450,391,WEEKDAY
YVR,450,0.782089146531089,WEEKDAY
LAX,200,174,REDEYE
JFK,200,170,REDEYE
LAX,200,169,REDEYE
YVR,200,0.7901544046298763,REDEYE
LAX,250,228,WEEKDAY
JFK,250,202,WEEKDAY
LAX,250,217,WEEKDAY
YVR,250,0.8463345268090909,WEEKDAY
LAX,450,363,REDEYE
JFK,450,397,REDEYE
LAX,450,379,REDEYE
YVR,450,0.8078049959712109,REDEYE
LAX,200,168,WEEKDAY
JFK,200,161,WEEKDAY
LAX,200,177,WEEKDAY
YVR,200,0.8182030641622815,WEEKDAY
LAX,250,215,REDEYE
JFK,250,222,REDEYE
LAX,250,215,REDEYE
YVR,250,0.8313581830491633,REDEYE
LAX,450,347,WEEKDAY
JFK,450,362,WEEKDAY
LAX,450,381,WEEKDAY
YVR,450,0.7967660372240155,WEEKDAY
LAX,200,168,REDEYE
JFK,200,179,REDEYE
LAX,200,173,REDEYE
YVR,200,0.8338433584330787,REDEYE
LAX,250,215,WEEKDAY
JFK,250,214,WEEKDAY
LAX,250,222,WEEKDAY
YVR,250,0.837157193027882,WEEKDAY
LAX,450,368,REDEYE
JFK,450,409,REDEYE
LAX,450,368,REDEYE
YVR,450,0.8621369154411319,REDEYE
LAX,200,168,WEEKEND
JFK,200,175,WEEKEND
LAX,200,183,WEEKEND
YVR,200,0.8702866821237782,WEEKEND
LAX,250,210,WEEKEND
JFK,250,208,WEEKEND
LAX,250,222,WEEKEND
YVR,250,0.9055286124426447,WEEKEND
LAX,450,356,WEEKEND
JFK,450,373,WEEKEND
LAX,450,350,WEEKEND
YVR,450,0.9167751721096709,WEEKEND
LAX,200,173,WEEKEND
JFK,200,173,WEEKEND
LAX,200,166,WEEKEND
YVR,200,0.8968895414930821,WEEKEND
LAX,250,212,WEEKEND
JFK,250,214,WEEKEND
LAX,250,229,WEEKEND
YVR,250,0.8621191836882727,WEEKEND
LAX,450,347,WEEKEND
JFK,450,376,WEEKEND
LAX,450,356,WEEKEND
YVR,450,0.847197979758662,WEEKEND
LAX,200,180,WEEKDAY
JFK,200,163,WEEKDAY
LAX,200,164,WEEKDAY
YVR,200,0.7797731878379621,WEEKDAY
LAX,250,218,REDEYE
JFK,250,214,REDEYE
LAX,250,211,REDEYE
YVR,250,0.8531026813639631,REDEYE
LAX,450,375,WEEKDAY
JFK,450,355,WEEKDAY
LAX,450,368,WEEKDAY
YVR,450,0.782960001965353,WEEKDAY
LAX,200,167,REDEYE
JFK,200,182,REDEYE
LAX,200,183,REDEYE
YVR,200,0.8259512898444171,REDEYE
LAX,250,229,WEEKDAY
JFK,250,197,WEEKDAY
LAX,250,214,WEEKDAY
YVR,250,0.815393071885249,WEEKDAY
LAX,450,385,REDEYE
JFK,450,407,REDEYE
LAX,450,379,REDEYE
YVR,450,0.7744846419158992,REDEYE
LAX,200,166,WEEKDAY
JFK,200,166,WEEKDAY
LAX,200,180,WEEKDAY
YVR,200,0.7914337769105587,WEEKDAY
LAX,250,213,REDEYE
JFK,250,231,REDEYE
LAX,250,207,REDEYE
YVR,250,0.8522896582857693,REDEYE
LAX,450,378,WEEKDAY
JFK,450,385,WEEKDAY
LAX,450,374,WEEKDAY
YVR,450,0.8238659615981174,WEEKDAY
LAX,200,178,REDEYE
JFK,200,185,REDEYE
LAX,200,183,REDEYE
YVR,200,0.8624394624950362,REDEYE
LAX,250,228,WEEKDAY
JFK,250,198,WEEKDAY
LAX,250,218,WEEKDAY
YVR,250,0.8607973984207822,WEEKDAY
LAX,450,365,REDEYE
JFK,450,396,REDEYE
LAX,450,370,REDEYE
YVR,450,0.7794027557053518,REDEYE
LAX,200,180,WEEKEND
JFK,200,167,WEEKEND
LAX,200,170,WEEKEND
YVR,200,0.8878116811410305,WEEKEND
LAX,250,221,WEEKEND
JFK,250,202,WEEKEND
LAX,250,228,WEEKEND
YVR,250,0.8242658178854013,WEEKEND
LAX,450,360,WEEKEND
JFK,450,373,WEEKEND
LAX,450,390,WEEKEND
YVR,450,0.86226665707958,WEEKEND
LAX,200,175,WEEKEND
JFK,200,163,WEEKEND
LAX,200,166,WEEKEND
YVR,200,0.8641774943387441,WEEKEND
LAX,250,227,WEEKEND
JFK,250,208,WEEKEND
LAX,250,218,WEEKEND
YVR,250,0.9156872732737817,WEEKEND
LAX,450,384,WEEKEND
JFK,450,351,WEEKEND
LAX,450,365,WEEKEND
YVR,450,0.8795317501589656,WEEKEND
LAX,200,174,WEEKDAY
JFK,200,164,WEEKDAY
LAX,200,177,WEEKDAY
YVR,200,0.7890000607426072,WEEKDAY
LAX,250,219,REDEYE
JFK,250,218,REDEYE
LAX,250,207,REDEYE
YVR,250,0.8209747306889322,REDEYE
LAX,450,348,WEEKDAY
JFK,450,364,WEEKDAY
LAX,450,358,WEEKDAY
YVR,450,0.82218288850825,WEEKDAY
LAX,200,168,REDEYE
JFK,200,173,REDEYE
LAX,200,169,REDEYE
YVR,200,0.7897074586396802,REDEYE
LAX,250,224,WEEKDAY
JFK,250,214,WEEKDAY
LAX,250,216,WEEKDAY
YVR,250,0.8059731351276002,WEEKDAY
LAX,450,365,REDEYE
JFK,450,404,REDEYE
LAX,450,382,REDEYE
YVR,450,0.8577494637564246,REDEYE
LAX,200,167,WEEKDAY
JFK,200,165,WEEKDAY
LAX,200,181,WEEKDAY
YVR,200,0.8681470925786674,WEEKDAY
LAX,250,218,REDEYE
JFK,250,223,REDEYE
LAX,250,224,REDEYE
YVR,250,0.8476866316680182,REDEYE
LAX,450,378,WEEKDAY
JFK,450,367,WEEKDAY
LAX,450,376,WEEKDAY
YVR,450,0.776450150416074,WEEKDAY
LAX,200,177,REDEYE
JFK,200,170,REDEYE
LAX,200,165,REDEYE
YVR,200,0.8605876674143959,REDEYE
LAX,250,214,WEEKDAY
JFK,250,195,WEEKDAY
LAX,250,214,WEEKDAY
YVR,250,0.8158459437222777,WEEKDAY
LAX,450,366,REDEYE
JFK,450,385,REDEYE
LAX,450,376,REDEYE
YVR,450,0.8534056039233577,REDEYE
LAX,200,174,WEEKEND
JFK,200,167,WEEKEND
LAX,200,169,WEEKEND
YVR,200,0.8376779872859101,WEEKEND
LAX,250,224,WEEKEND
JFK,250,217,WEEKEND
LAX,250,217,WEEKEND
YVR,250,0.83476846475437,WEEKEND
LAX,450,369,WEEKEND
JFK,450,388,WEEKEND
LAX,450,387,WEEKEND
YVR,450,0.9106662284869933,WEEKEND
LAX,200,171,WEEKEND
JFK,200,166,WEEKEND
LAX,200,166,WEEKEND
YVR,200,0.8485523440459044,WEEKEND
LAX,250,217,WEEKEND
JFK,250,219,WEEKEND
LAX,250,226,WEEKEND
YVR,250,0.8243055426950175,WEEKEND
LAX,450,347,WEEKEND
JFK,450,371,WEEKEND
LAX,450,351,WEEKEND
YVR,450,0.8701048200315799,WEEKEND
LAX,200,164,WEEKDAY
JFK,200,172,WEEKDAY
LAX,200,171,WEEKDAY
YVR,200,0.8690568458035342,WEEKDAY
LAX,250,222,REDEYE
JFK,250,217,REDEYE
LAX,250,227,REDEYE
YVR,250,0.853549806151863,REDEYE
LAX,450,390,WEEKDAY
JFK,450,384,WEEKDAY
LAX,450,355,WEEKDAY
YVR,450,0.809629963853944,WEEKDAY
LAX,200,175,REDEYE
JFK,200,185,REDEYE
LAX,200,174,REDEYE
YVR,200,0.8693073414265693,REDEYE
LAX,250,214,WEEKDAY
JFK,250,202,WEEKDAY
LAX,250,215,WEEKDAY
YVR,250,0.8496670194802576,WEEKDAY
LAX,450,354,REDEYE
JFK,450,381,REDEYE
LAX,450,386,REDEYE
YVR,450,0.8542065867576308,REDEYE
LAX,200,174,WEEKDAY
JFK,200,168,WEEKDAY
LAX,200,183,WEEKDAY
YVR,200,0.8346106953183551,WEEKDAY
LAX,250,229,REDEYE
JFK,250,220,REDEYE
LAX,250,212,REDEYE
YVR,250,0.809438133141337,REDEYE
LAX,450,381,WEEKDAY
JFK,450,367,WEEKDAY
LAX,450,368,WEEKDAY
YVR,450,0.8605709738673206,WEEKDAY
LAX,200,174,REDEYE
JFK,200,166,REDEYE
LAX,200,181,REDEYE
YVR,200,0.817062922240066,REDEYE
LAX,250,226,WEEKDAY
JFK,250,204,WEEKDAY
LAX,250,218,WEEKDAY
YVR,250,0.8634642166264982,WEEKDAY
LAX,450,356,REDEYE
JFK,450,392,REDEYE
LAX,450,356,REDEYE
YVR,450,0.8252191070822261,REDEYE
LAX,200,174,WEEKEND
JFK,200,164,WEEKEND
LAX,200,179,WEEKEND
YVR,200,0.9109857465861485,WEEKEND
LAX,250,228,WEEKEND
JFK,250,216,WEEKEND
LAX,250,213,WEEKEND
YVR,250,0.8677156400810373,WEEKEND
LAX,450,372,WEEKEND
JFK,450,377,WEEKEND
LAX,450,368,WEEKEND
YVR,450,0.8626820787076697,WEEKEND
LAX,200,173,WEEKEND
JFK,200,170,WEEKEND
LAX,200,164,WEEKEND
YVR,200,0.8788682314373155,WEEKEND
LAX,250,211,WEEKEND
JFK,250,217,WEEKEND
LAX,250,229,WEEKEND
YVR,250,0.8517310465836676,WEEKEND
LAX,450,371,WEEKEND
JFK,450,384,WEEKEND
LAX,450,376,WEEKEND
YVR,450,0.8349397616059541,WEEKEND
LAX,200,183,WEEKDAY
JFK,200,165,WEEKDAY
LAX,200,182,WEEKDAY
YVR,200,0.8289332443146008,WEEKDAY
LAX,250,205,REDEYE
JFK,250,226,REDEYE
LAX,250,229,REDEYE
YVR,250,0.8550962921953811,REDEYE
LAX,450,381,WEEKDAY
JFK,450,379,WEEKDAY
LAX,450,358,WEEKDAY
YVR,450,0.7977776249243816,WEEKDAY
LAX,200,180,REDEYE
JFK,200,178,REDEYE
LAX,200,174,REDEYE
YVR,200,0.8565021412127848,REDEYE
LAX,250,227,WEEKDAY
JFK,250,210,WEEKDAY
LAX,250,216,WEEKDAY
YVR,250,0.8487128961018268,WEEKDAY
LAX,450,379,REDEYE
JFK,450,391,REDEYE
LAX,450,380,REDEYE
YVR,450,0.8475675858266513,REDEYE
LAX,200,180,WEEKDAY
JFK,200,168,WEEKDAY
LAX,200,180,WEEKDAY
YVR,200,0.8115130186013992,WEEKDAY
LAX,250,217,REDEYE
JFK,250,223,REDEYE
LAX,250,210,REDEYE
YVR,250,0.8698756516872606,REDEYE
LAX,450,371,WEEKDAY
JFK,450,393,WEEKDAY
LAX,450,358,WEEKDAY
YVR,450,0.8490878236469852,WEEKDAY
LAX,200,172,REDEYE
JFK,200,181,REDEYE
LAX,200,178,REDEYE
YVR,200,0.8275648796422279,REDEYE
LAX,250,206,WEEKDAY
JFK,250,216,WEEKDAY
LAX,250,215,WEEKDAY
YVR,250,0.7813509968198369,WEEKDAY
LAX,450,385,REDEYE
JFK,450,408,REDEYE
LAX,450,352,REDEYE
YVR,450,0.8273815491270641,REDEYE
LAX,200,175,WEEKEND
JFK,200,172,WEEKEND
LAX,200,167,WEEKEND
YVR,200,0.8214381200827081,WEEKEND
LAX,250,209,WEEKEND
JFK,250,210,WEEKEND
LAX,250,219,WEEKEND
YVR,250,0.9102208688348868,WEEKEND
LAX,450,369,WEEKEND
JFK,450,366,WEEKEND
LAX,450,373,WEEKEND
YVR,450,0.8536697257555154,WEEKEND
LAX,200,173,WEEKEND
JFK,200,161,WEEKEND
LAX,200,183,WEEKEND
YVR,200,0.8568344863878832,WEEKEND
LAX,250,213,WEEKEND
JFK,250,212,WEEKEND
LAX,250,218,WEEKEND
YVR,250,0.8750883181649904,WEEKEND
LAX,450,362,WEEKEND
JFK,450,390,WEEKEND
LAX,450,373,WEEKEND
YVR,450,0.883746402688442,WEEKEND
LAX,200,174,WEEKDAY
JFK,200,166,WEEKDAY
LAX,200,166,WEEKDAY
YVR,200,0.8282727067725083,WEEKDAY
LAX,250,220,REDEYE
JFK,250,211,REDEYE
LAX,250,215,REDEYE
YVR,250,0.8184925217153316,REDEYE
LAX,450,374,WEEKDAY
JFK,450,388,WEEKDAY
LAX,450,359,WEEKDAY
YVR,450,0.8334355240194211,WEEKDAY
LAX,200,173,REDEYE
JFK,200,175,REDEYE
LAX,200,177,REDEYE
YVR,200,0.8547142260816605,REDEYE
LAX,250,205,WEEKDAY
JFK,250,206,WEEKDAY
LAX,250,211,WEEKDAY
YVR,250,0.8146209395933768,WEEKDAY
LAX,450,356,REDEYE
JFK,450,375,REDEYE
LAX,450,356,REDEYE
YVR,450,0.8200079377882961,REDEYE
LAX,200,167,WEEKDAY
JFK,200,166,WEEKDAY
LAX,200,171,WEEKDAY
YVR,200,0.8510346920371689,WEEKDAY
LAX,250,219,REDEYE
JFK,250,226,REDEYE
LAX,250,216,REDEYE
YVR,250,0.7703406069596068,REDEYE
LAX,450,385,WEEKDAY
JFK,450,370,WEEKDAY
LAX,450,361,WEEKDAY
YVR,450,0.7860710498018988,WEEKDAY
LAX,200,179,REDEYE
JFK,200,173,REDEYE
LAX,200,176,REDEYE
YVR,200,0.8025029934651041,REDEYE
LAX,250,224,WEEKDAY
JFK,250,211,WEEKDAY
LAX,250,209,WEEKDAY
YVR,250,0.7913937387959238,WEEKDAY
LAX,450,383,REDEYE
JFK,450,374,REDEYE
LAX,450,386,REDEYE
YVR,450,0.8596009948702183,REDEYE
LAX,200,169,WEEKEND
JFK,200,166,WEEKEND
LAX,200,177,WEEKEND
YVR,200,0.834821622214902,WEEKEND
LAX,250,226,WEEKEND
JFK,250,218,WEEKEND
LAX,250,218,WEEKEND
YVR,250,0.8307886764436785,WEEKEND
LAX,450,376,WEEKEND
JFK,450,382,WEEKEND
LAX,450,349,WEEKEND
YVR,450,0.8517200965186913,WEEKEND
LAX,200,165,WEEKEND
JFK,200,164,WEEKEND
LAX,200,170,WEEKEND
YVR,200,0.8708640754378282,WEEKEND
LAX,250,205,WEEKEND
JFK,250,212,WEEKEND
LAX,250,222,WEEKEND
YVR,250,0.9021480858028175,WEEKEND
LAX,450,347,WEEKEND
JFK,450,378,WEEKEND
LAX,450,375,WEEKEND
YVR,450,0.9195651083748163,WEEKEND
LAX,200,179,WEEKDAY
JFK,200,160,WEEKDAY
LAX,200,180,WEEKDAY
YVR,200,0.8551869681922896,WEEKDAY
LAX,250,211,REDEYE
JFK,250,212,REDEYE
LAX,250,227,REDEYE
YVR,250,0.8308837599817549,REDEYE
LAX,450,351,WEEKDAY
JFK,450,390,WEEKDAY
LAX,450,360,WEEKDAY
YVR,450,0.7737601900927306,WEEKDAY
LAX,200,176,REDEYE
JFK,200,171,REDEYE
LAX,200,173,REDEYE
YVR,200,0.776346449082754,REDEYE
LAX,250,213,WEEKDAY
JFK,250,196,WEEKDAY
LAX,250,213,WEEKDAY
YVR,250,0.8330736077179374,WEEKDAY
LAX,450,349,REDEYE
JFK,450,410,REDEYE
LAX,450,352,REDEYE
YVR,450,0.8519882309365481,REDEYE
LAX,200,167,WEEKDAY
JFK,200,166,WEEKDAY
LAX,200,166,WEEKDAY
YVR,200,0.7965512404997629,WEEKDAY
LAX,250,218,REDEYE
JFK,250,216,REDEYE
LAX,250,211,REDEYE
YVR,250,0.8669219009556239,REDEYE
LAX,450,354,WEEKDAY
JFK,450,374,WEEKDAY
LAX,450,350,WEEKDAY
YVR,450,0.8250387302665828,WEEKDAY
LAX,200,169,REDEYE
JFK,200,180,REDEYE
LAX,200,174,REDEYE
YVR,200,0.8273771199478442,REDEYE
LAX,250,222,WEEKDAY
JFK,250,199,WEEKDAY
LAX,250,222,WEEKDAY
YVR,250,0.831862191620082,WEEKDAY
LAX,450,366,REDEYE
JFK,450,402,REDEYE
LAX,450,371,REDEYE
YVR,450,0.7774914199923002,REDEYE
LAX,200,170,WEEKEND
JFK,200,170,WEEKEND
LAX,200,177,WEEKEND
YVR,200,0.8370388139072057,WEEKEND
LAX,250,216,WEEKEND
JFK,250,215,WEEKEND
LAX,250,210,WEEKEND
YVR,250,0.9136192296090703,WEEKEND
LAX,450,347,WEEKEND
JFK,450,363,WEEKEND
LAX,450,355,WEEKEND
YVR,450,0.8467295214636609,WEEKEND
LAX,200,171,WEEKEND
JFK,200,168,WEEKEND
LAX,200,175,WEEKEND
YVR,200,0.8283293044017821,WEEKEND
LAX,250,215,WEEKEND
JFK,250,200,WEEKEND
LAX,250,227,WEEKEND
YVR,250,0.8482428939274216,WEEKEND
LAX,450,354,WEEKEND
JFK,450,376,WEEKEND
LAX,450,365,WEEKEND
YVR,450,0.8926146181234045,WEEKEND
LAX,200,166,WEEKDAY
JFK,200,159,WEEKDAY
LAX,200,164,WEEKDAY
YVR,200,0.7962808570525434,WEEKDAY
LAX,250,227,REDEYE
JFK,250,227,REDEYE
LAX,250,205,REDEYE
YVR,250,0.791058166845758,REDEYE
LAX,450,369,WEEKDAY
JFK,450,390,WEEKDAY
LAX,450,360,WEEKDAY
YVR,450,0.7977129402173343,WEEKDAY
LAX,200,168,REDEYE
JFK,200,172,REDEYE
LAX,200,176,REDEYE
YVR,200,0.818042161797819,REDEYE
LAX,250,220,WEEKDAY
JFK,250,200,WEEKDAY
LAX,250,207,WEEKDAY
YVR,250,0.8437549092711123,WEEKDAY
LAX,450,383,REDEYE
JFK,450,416,REDEYE
LAX,450,356,REDEYE
YVR,450,0.8001322965230044,REDEYE
LAX,200,164,WEEKDAY
JFK,200,170,WEEKDAY
LAX,200,177,WEEKDAY
YVR,200,0.85735096217006,WEEKDAY
LAX,250,205,REDEYE
JFK,250,228,REDEYE
LAX,250,229,REDEYE
YVR,250,0.8675882419972927,REDEYE
LAX,450,353,WEEKDAY
JFK,450,352,WEEKDAY
LAX,450,361,WEEKDAY
YVR,450,0.8522016369876759,WEEKDAY
LAX,200,178,REDEYE
JFK,200,183,REDEYE
LAX,200,176,REDEYE
YVR,200,0.7775125437607711,REDEYE
LAX,250,209,WEEKDAY
JFK,250,210,WEEKDAY
LAX,250,217,WEEKDAY
YVR,250,0.8015458568481098,WEEKDAY
LAX,450,378,REDEYE
JFK,450,387,REDEYE
LAX,450,347,REDEYE
YVR,450,0.8625785789609299,REDEYE
LAX,200,177,WEEKEND
JFK,200,164,WEEKEND
LAX,200,170,WEEKEND
YVR,200,0.9059384399027929,WEEKEND
LAX,250,218,WEEKEND
JFK,250,214,WEEKEND
LAX,250,208,WEEKEND
YVR,250,0.8333253291511921,WEEKEND
LAX,450,356,WEEKEND
JFK,450,386,WEEKEND
LAX,450,357,WEEKEND
YVR,450,0.8642224344716453,WEEKEND
LAX,200,183,WEEKEND
JFK,200,159,WEEKEND
LAX,200,179,WEEKEND
YVR,200,0.8563942420475604,WEEKEND
LAX,250,224,WEEKEND
JFK,250,210,WEEKEND
LAX,250,222,WEEKEND
YVR,250,0.8947469663897816,WEEKEND
LAX,450,369,WEEKEND
JFK,450,358,WEEKEND
LAX,450,348,WEEKEND
YVR,450,0.8228709642509243,WEEKEND
LAX,200,168,WEEKDAY
JFK,200,175,WEEKDAY
LAX,200,165,WEEKDAY
YVR,200,0.8015476964544475,WEEKDAY
LAX,250,221,REDEYE
JFK,250,218,REDEYE
LAX,250,223,REDEYE
YVR,250,0.8449779590694695,REDEYE
LAX,450,364,WEEKDAY
JFK,450,392,WEEKDAY
LAX,450,351,WEEKDAY
YVR,450,0.8586870172299449,WEEKDAY
LAX,200,175,REDEYE
JFK,200,180,REDEYE
LAX,200,170,REDEYE
YVR,200,0.7740626344881046,REDEYE
LAX,250,213,WEEKDAY
JFK,250,210,WEEKDAY
LAX,250,211,WEEKDAY
YVR,250,0.8288353430495131,WEEKDAY
LAX,450,374,REDEYE
JFK,450,385,REDEYE
LAX,450,348,REDEYE
YVR,450,0.8363608548264427,REDEYE
LAX,200,165,WEEKDAY
JFK,200,166,WEEKDAY
LAX,200,164,WEEKDAY
YVR,200,0.8572916866286577,WEEKDAY
LAX,250,212,REDEYE
JFK,250,210,REDEYE
LAX,250,208,REDEYE
YVR,250,0.8124579428019901,REDEYE
LAX,450,390,WEEKDAY
JFK,450,357,WEEKDAY
LAX,450,364,WEEKDAY
YVR,450,0.8673049684637671,WEEKDAY
LAX,200,181,REDEYE
JFK,200,180,REDEYE
LAX,200,182,REDEYE
YVR,200,0.7897425784415297,REDEYE
LAX,250,212,WEEKDAY
JFK,250,204,WEEKDAY
LAX,250,220,WEEKDAY
YVR,250,0.7814762616063965,WEEKDAY
LAX,450,385,REDEYE
JFK,450,407,REDEYE
LAX,450,357,REDEYE
YVR,450,0.7830045503182561,REDEYE
LAX,200,170,WEEKEND
JFK,200,160,WEEKEND
LAX,200,177,WEEKEND
YVR,200,0.8786723778443339,WEEKEND
LAX,250,228,WEEKEND
JFK,250,212,WEEKEND
LAX,250,211,WEEKEND
YVR,250,0.8322440499972886,WEEKEND
LAX,450,379,WEEKEND
JFK,450,383,WEEKEND
LAX,450,369,WEEKEND
YVR,450,0.8466596812444429,WEEKEND
LAX,200,172,WEEKEND
JFK,200,162,WEEKEND
LAX,200,170,WEEKEND
YVR,200,0.8396301652352578,WEEKEND
LAX,250,211,WEEKEND
JFK,250,197,WEEKEND
LAX,250,228,WEEKEND
YVR,250,0.8255293667028147,WEEKEND
LAX,450,346,WEEKEND
JFK,450,368,WEEKEND
LAX,450,362,WEEKEND
YVR,450,0.9162383266211469,WEEKEND
LAX,200,181,WEEKDAY
JFK,200,165,WEEKDAY
LAX,200,180,WEEKDAY
YVR,200,0.8034925375335358,WEEKDAY
LAX,250,205,REDEYE
JFK,250,209,REDEYE
LAX,250,221,REDEYE
YVR,250,0.8664015764106034,REDEYE
LAX,450,383,WEEKDAY
JFK,450,359,WEEKDAY
LAX,450,384,WEEKDAY
YVR,450,0.8423234015365542,WEEKDAY
LAX,200,183,REDEYE
JFK,200,167,REDEYE
LAX,200,176,REDEYE
YVR,200,0.791976923887144,REDEYE
LAX,250,219,WEEKDAY
JFK,250,209,WEEKDAY
LAX,250,226,WEEKDAY
YVR,250,0.8632546679939328,WEEKDAY
LAX,450,354,REDEYE
JFK,450,413,REDEYE
LAX,450,364,REDEYE
YVR,450,0.7709351998671515,REDEYE
LAX,200,181,WEEKDAY
JFK,200,160,WEEKDAY
LAX,200,177,WEEKDAY
YVR,200,0.8681654819017213,WEEKDAY
LAX,250,229,REDEYE
JFK,250,208,REDEYE
LAX,250,220,REDEYE
YVR,250,0.7732264367970746,REDEYE
LAX,450,378,WEEKDAY
JFK,450,382,WEEKDAY
LAX,450,370,WEEKDAY
YVR,450,0.7953313346942403,WEEKDAY
LAX,200,174,REDEYE
JFK,200,182,REDEYE
LAX,200,175,REDEYE
YVR,200,0.8251957197784391,REDEYE
LAX,250,214,WEEKDAY
JFK,250,219,WEEKDAY
LAX,250,218,WEEKDAY
YVR,250,0.7709177761004041,WEEKDAY
LAX,450,362,REDEYE
JFK,450,401,REDEYE
LAX,450,364,REDEYE
YVR,450,0.8464711818749971,REDEYE
LAX,200,168,WEEKEND
JFK,200,162,WEEKEND
LAX,200,181,WEEKEND
YVR,200,0.828465419355261,WEEKEND
LAX,250,221,WEEKEND
JFK,250,215,WEEKEND
LAX,250,220,WEEKEND
YVR,250,0.901708634773877,WEEKEND
LAX,450,365,WEEKEND
JFK,450,356,WEEKEND
LAX,450,371,WEEKEND
YVR,450,0.8235104356302698,WEEKEND
LAX,200,167,WEEKEND
JFK,200,169,WEEKEND
LAX,200,165,WEEKEND
YVR,200,0.8728157712521046,WEEKEND
LAX,250,207,WEEKEND
JFK,250,197,WEEKEND
LAX,250,217,WEEKEND
YVR,250,0.8409436971269472,WEEKEND
LAX,450,376,WEEKEND
JFK,450,368,WEEKEND
LAX,450,354,WEEKEND
YVR,450,0.8488764068804834,WEEKEND
LAX,200,169,WEEKDAY
JFK,200,165,WEEKDAY
LAX,200,168,WEEKDAY
YVR,200,0.8190484412803453,WEEKDAY
LAX,250,217,REDEYE
JFK,250,216,REDEYE
LAX,250,215,REDEYE
YVR,250,0.8071377977169298,REDEYE
LAX,450,361,WEEKDAY
JFK,450,358,WEEKDAY
LAX,450,371,WEEKDAY
YVR,450,0.8091980059031012,WEEKDAY
LAX,200,181,REDEYE
JFK,200,170,REDEYE
LAX,200,169,REDEYE
YVR,200,0.8353430477332162,REDEYE
LAX,250,227,WEEKDAY
JFK,250,215,WEEKDAY
LAX,250,211,WEEKDAY
YVR,250,0.7895241388636232,WEEKDAY
LAX,450,347,REDEYE
JFK,450,394,REDEYE
LAX,450,370,REDEYE
YVR,450,0.7881501233484791,REDEYE
LAX,200,168,WEEKDAY
JFK,200,167,WEEKDAY
LAX,200,173,WEEKDAY
YVR,200,0.8384394006602899,WEEKDAY
LAX,250,213,REDEYE
JFK,250,212,REDEYE
LAX,250,215,REDEYE
YVR,250,0.7996962856914248,REDEYE
LAX,450,390,WEEKDAY
JFK,450,383,WEEKDAY
LAX,450,351,WEEKDAY
YVR,450,0.863295518741951,WEEKDAY
LAX,200,179,REDEYE
JFK,200,172,REDEYE
LAX,200,171,REDEYE
YVR,200,0.8126240091127628,REDEYE
LAX,250,213,WEEKDAY
JFK,250,209,WEEKDAY
LAX,250,221,WEEKDAY
YVR,250,0.8174021117117086,WEEKDAY
LAX,450,356,REDEYE
JFK,450,414,REDEYE
LAX,450,370,REDEYE
YVR,450,0.7723170243854374,REDEYE
LAX,200,177,WEEKEND
JFK,200,175,WEEKEND
LAX,200,174,WEEKEND
YVR,200,0.8220655527189636,WEEKEND
LAX,250,225,WEEKEND
JFK,250,196,WEEKEND
LAX,250,226,WEEKEND
YVR,250,0.8304767834090875,WEEKEND
LAX,450,388,WEEKEND
JFK,450,386,WEEKEND
LAX,450,379,WEEKEND
YVR,450,0.8825628095701068,WEEKEND
LAX,200,170,WEEKEND
JFK,200,173,WEEKEND
LAX,200,177,WEEKEND
YVR,200,0.8864543409792828,WEEKEND
LAX,250,227,WEEKEND
JFK,250,202,WEEKEND
LAX,250,205,WEEKEND
YVR,250,0.9152197558029905,WEEKEND
LAX,450,377,WEEKEND
JFK,450,368,WEEKEND
LAX,450,360,WEEKEND
YVR,450,0.8632469433749579,WEEKEND
LAX,200,173,WEEKDAY
JFK,200,167,WEEKDAY
LAX,200,177,WEEKDAY
YVR,200,0.8407670566306986,WEEKDAY
LAX,250,229,REDEYE
JFK,250,230,REDEYE
LAX,250,208,REDEYE
YVR,250,0.8043602138302404,REDEYE
LAX,450,357,WEEKDAY
JFK,450,368,WEEKDAY
LAX,450,387,WEEKDAY
YVR,450,0.7774061934999579,WEEKDAY
LAX,200,178,REDEYE
JFK,200,183,REDEYE
LAX,200,166,REDEYE
YVR,200,0.8120185448194246,REDEYE
LAX,250,207,WEEKDAY
JFK,250,213,WEEKDAY
LAX,250,226,WEEKDAY
YVR,250,0.8401624330239159,WEEKDAY
LAX,450,354,REDEYE
JFK,450,380,REDEYE
LAX,450,356,REDEYE
YVR,450,0.8504223824250224,REDEYE
LAX,200,182,WEEKDAY
JFK,200,174,WEEKDAY
LAX,200,180,WEEKDAY
YVR,200,0.8651983592226963,WEEKDAY
LAX,250,210,REDEYE
JFK,250,207,REDEYE
LAX,250,226,REDEYE
YVR,250,0.8532172934770179,REDEYE
LAX,450,380,WEEKDAY
JFK,450,357,WEEKDAY
LAX,450,361,WEEKDAY
YVR,450,0.8263614388260494,WEEKDAY
LAX,200,176,REDEYE
JFK,200,179,REDEYE
LAX,200,181,REDEYE
YVR,200,0.8250365983991605,REDEYE
LAX,250,226,WEEKDAY
JFK,250,196,WEEKDAY
LAX,250,208,WEEKDAY
YVR,250,0.8201095189564847,WEEKDAY
LAX,450,363,REDEYE
JFK,450,390,REDEYE
LAX,450,384,REDEYE
YVR,450,0.8177606517076248,REDEYE
LAX,200,170,WEEKEND
JFK,200,158,WEEKEND
LAX,200,171,WEEKEND
YVR,200,0.888049154980766,WEEKEND
LAX,250,212,WEEKEND
JFK,250,206,WEEKEND
LAX,250,215,WEEKEND
YVR,250,0.8775706294962893,WEEKEND
LAX,450,385,WEEKEND
JFK,450,388,WEEKEND
LAX,450,351,WEEKEND
YVR,450,0.9057161825656939,WEEKEND
LAX,200,176,WEEKEND
JFK,200,174,WEEKEND
LAX,200,176,WEEKEND
YVR,200,0.8650074155656419,WEEKEND
LAX,250,228,WEEKEND
JFK,250,195,WEEKEND
LAX,250,211,WEEKEND
YVR,250,0.8671174911896706,WEEKEND
LAX,450,386,WEEKEND
JFK,450,353,WEEKEND
LAX,450,376,WEEKEND
YVR,450,0.9032079300793018,WEEKEND
LAX,200,166,WEEKDAY
JFK,200,172,WEEKDAY
LAX,200,179,WEEKDAY
YVR,200,0.8375636267806595,WEEKDAY
LAX,250,218,REDEYE
JFK,250,208,REDEYE
LAX,250,220,REDEYE
YVR,250,0.8224450997274529,REDEYE
LAX,450,351,WEEKDAY
JFK,450,363,WEEKDAY
LAX,450,346,WEEKDAY
YVR,450,0.8263446505106564,WEEKDAY
LAX,200,164,REDEYE
JFK,200,168,REDEYE
LAX,200,183,REDEYE
YVR,200,0.8505704045269075,REDEYE
LAX,250,206,WEEKDAY
JFK,250,197,WEEKDAY
LAX,250,227,WEEKDAY
YVR,250,0.8307382003513798,WEEKDAY
LAX,450,385,REDEYE
JFK,450,374,REDEYE
LAX,450,375,REDEYE
YVR,450,0.7959150402660558,REDEYE
LAX,200,179,WEEKDAY
JFK,200,168,WEEKDAY
LAX,200,171,WEEKDAY
YVR,200,0.8010243211795892,WEEKDAY
LAX,250,225,REDEYE
JFK,250,226,REDEYE
LAX,250,219,REDEYE
YVR,250,0.8304604965130784,REDEYE
LAX,450,361,WEEKDAY
JFK,450,381,WEEKDAY
LAX,450,386,WEEKDAY
YVR,450,0.774584809230205,WEEKDAY
LAX,200,176,REDEYE
JFK,200,182,REDEYE
LAX,200,173,REDEYE
YVR,200,0.8157576360237129,REDEYE
LAX,250,224,WEEKDAY
JFK,250,211,WEEKDAY
LAX,250,224,WEEKDAY
YVR,250,0.8591906860139498,WEEKDAY
LAX,450,363,REDEYE
JFK,450,391,REDEYE
LAX,450,373,REDEYE
YVR,450,0.7932143800765161,REDEYE
LAX,200,175,WEEKEND
JFK,200,168,WEEKEND
LAX,200,172,WEEKEND
YVR,200,0.8644156044789758,WEEKEND
LAX,250,210,WEEKEND
JFK,250,219,WEEKEND
LAX,250,228,WEEKEND
YVR,250,0.8899504587620491,WEEKEND
LAX,450,350,WEEKEND
JFK,450,379,WEEKEND
LAX,450,364,WEEKEND
YVR,450,0.912550377797776,WEEKEND
LAX,200,169,WEEKEND
JFK,200,160,WEEKEND
LAX,200,176,WEEKEND
YVR,200,0.889627322247996,WEEKEND
LAX,250,227,WEEKEND
JFK,250,196,WEEKEND
LAX,250,206,WEEKEND
YVR,250,0.8825830375737214,WEEKEND
LAX,450,371,WEEKEND
JFK,450,393,WEEKEND
LAX,450,367,WEEKEND
YVR,450,0.8583894964026886,WEEKEND
LAX,200,182,WEEKDAY
JFK,200,167,WEEKDAY
LAX,200,164,WEEKDAY
YVR,200,0.8137359281288461,WEEKDAY
LAX,250,216,REDEYE
JFK,250,216,REDEYE
LAX,250,222,REDEYE
YVR,250,0.8341946934992239,REDEYE
LAX,450,358,WEEKDAY
JFK,450,378,WEEKDAY
LAX,450,346,WEEKDAY
YVR,450,0.8056319888469059,WEEKDAY
LAX,200,179,REDEYE
JFK,200,177,REDEYE
LAX,200,164,REDEYE
YVR,200,0.8484871287014432,REDEYE
LAX,250,225,WEEKDAY
JFK,250,208,WEEKDAY
LAX,250,207,WEEKDAY
YVR,250,0.7708190618871185,WEEKDAY
LAX,450,347,REDEYE
JFK,450,376,REDEYE
LAX,450,352,REDEYE
YVR,450,0.8451417618551158,REDEYE
LAX,200,177,WEEKDAY
JFK,200,163,WEEKDAY
LAX,200,174,WEEKDAY
YVR,200,0.8442046758935078,WEEKDAY
LAX,250,207,REDEYE
JFK,250,217,REDEYE
LAX,250,213,REDEYE
YVR,250,0.8006440058192145,REDEYE
LAX,450,351,WEEKDAY
JFK,450,359,WEEKDAY
LAX,450,358,WEEKDAY
YVR,450,0.7714960783157332,WEEKDAY
LAX,200,181,REDEYE
JFK,200,183,REDEYE
LAX,200,183,REDEYE
YVR,200,0.8038158773696596,REDEYE
LAX,250,206,WEEKDAY
JFK,250,205,WEEKDAY
LAX,250,227,WEEKDAY
YVR,250,0.828918581812055,WEEKDAY
LAX,450,357,REDEYE
JFK,450,403,REDEYE
LAX,450,375,REDEYE
YVR,450,0.8486947070241206,REDEYE
LAX,200,183,WEEKEND
JFK,200,170,WEEKEND
LAX,200,180,WEEKEND
YVR,200,0.9070366216076474,WEEKEND
LAX,250,215,WEEKEND
JFK,250,213,WEEKEND
LAX,250,225,WEEKEND
YVR,250,0.8408563161764941,WEEKEND
LAX,450,351,WEEKEND
JFK,450,383,WEEKEND
LAX,450,357,WEEKEND
YVR,450,0.8281736835305699,WEEKEND
LAX,200,167,WEEKEND
JFK,200,171,WEEKEND
LAX,200,180,WEEKEND
YVR,200,0.8319886120196297,WEEKEND
LAX,250,211,WEEKEND
JFK,250,201,WEEKEND
LAX,250,210,WEEKEND
YVR,250,0.9189048300839937,WEEKEND
LAX,450,379,WEEKEND
JFK,450,394,WEEKEND
LAX,450,371,WEEKEND
YVR,450,0.8845436682300793,WEEKEND
LAX,200,166,WEEKDAY
JFK,200,159,WEEKDAY
LAX,200,171,WEEKDAY
YVR,200,0.7828364844479053,WEEKDAY
LAX,250,227,REDEYE
JFK,250,230,REDEYE
LAX,250,208,REDEYE
YVR,250,0.8390765256392126,REDEYE
LAX,450,363,WEEKDAY
JFK,450,389,WEEKDAY
LAX,450,381,WEEKDAY
YVR,450,0.8659477852356888,WEEKDAY
LAX,200,183,REDEYE
JFK,200,183,REDEYE
LAX,200,182,REDEYE
YVR,200,0.8307437061822266,REDEYE
LAX,250,227,WEEKDAY
JFK,250,196,WEEKDAY
LAX,250,212,WEEKDAY
YVR,250,0.79325720938087,WEEKDAY
LAX,450,359,REDEYE
JFK,450,377,REDEYE
LAX,450,386,REDEYE
YVR,450,0.8662389526099347,REDEYE
LAX,200,169,WEEKDAY
JFK,200,172,WEEKDAY
LAX,200,170,WEEKDAY
YVR,200,0.8400553377640536,WEEKDAY
LAX,250,216,REDEYE
JFK,250,219,REDEYE
LAX,250,221,REDEYE
YVR,250,0.7882984253432811,REDEYE
LAX,450,351,WEEKDAY
JFK,450,367,WEEKDAY
LAX,450,391,WEEKDAY
YVR,450,0.8466217930292829,WEEKDAY
LAX,200,177,REDEYE
JFK,200,185,REDEYE
LAX,200,179,REDEYE
YVR,200,0.8204174640401007,REDEYE
LAX,250,205,WEEKDAY
JFK,250,196,WEEKDAY
LAX,250,206,WEEKDAY
YVR,250,0.8274042988127231,WEEKDAY
LAX,450,346,REDEYE
JFK,450,397,REDEYE
LAX,450,366,REDEYE
YVR,450,0.8065787232685947,REDEYE
LAX,200,183,WEEKEND
JFK,200,164,WEEKEND
LAX,200,171,WEEKEND
YVR,200,0.8493751525715111,WEEKEND
LAX,250,212,WEEKEND
JFK,250,198,WEEKEND
LAX,250,212,WEEKEND
YVR,250,0.8620436575465944,WEEKEND
LAX,450,373,WEEKEND
JFK,450,368,WEEKEND
LAX,450,383,WEEKEND
YVR,450,0.872640222737971,WEEKEND
LAX,200,172,WEEKEND
JFK,200,170,WEEKEND
LAX,200,172,WEEKEND
YVR,200,0.8661443013032397,WEEKEND
LAX,250,212,WEEKEND
JFK,250,217,WEEKEND
LAX,250,222,WEEKEND
YVR,250,0.9066265646054774,WEEKEND
LAX,450,349,WEEKEND
JFK,450,352,WEEKEND
LAX,450,375,WEEKEND
YVR,450,0.8274205539675639,WEEKEND
LAX,200,182,WEEKDAY
JFK,200,166,WEEKDAY
LAX,200,174,WEEKDAY
YVR,200,0.7898989312408187,WEEKDAY
LAX,250,229,REDEYE
JFK,250,209,REDEYE
LAX,250,206,REDEYE
YVR,250,0.8637505224582605,REDEYE
LAX,450,390,WEEKDAY
JFK,450,387,WEEKDAY
LAX,450,376,WEEKDAY
YVR,450,0.8307858069555635,WEEKDAY
LAX,200,166,REDEYE
JFK,200,167,REDEYE
LAX,200,181,REDEYE
YVR,200,0.8317529788916992,REDEYE
LAX,250,210,WEEKDAY
JFK,250,195,WEEKDAY
LAX,250,209,WEEKDAY
YVR,250,0.8329749940518697,WEEKDAY
LAX,450,374,REDEYE
JFK,450,390,REDEYE
LAX,450,375,REDEYE
YVR,450,0.7943495134362206,REDEYE
LAX,200,183,WEEKDAY
JFK,200,170,WEEKDAY
LAX,200,173,WEEKDAY
YVR,200,0.8094679221357111,WEEKDAY
LAX,250,218,REDEYE
JFK,250,215,REDEYE
LAX,250,213,REDEYE
YVR,250,0.7910148413642301,REDEYE
LAX,450,377,WEEKDAY
JFK,450,356,WEEKDAY
LAX,450,378,WEEKDAY
YVR,450,0.785198323667114,WEEKDAY
LAX,200,177,REDEYE
JFK,200,181,REDEYE
LAX,200,183,REDEYE
YVR,200,0.8689512266958166,REDEYE
LAX,250,211,WEEKDAY
JFK,250,215,WEEKDAY
LAX,250,205,WEEKDAY
YVR,250,0.844381410866067,WEEKDAY
LAX,450,370,REDEYE
JFK,450,412,REDEYE
LAX,450,386,REDEYE
YVR,450,0.8579137250483768,REDEYE
LAX,200,170,WEEKEND
JFK,200,162,WEEKEND
LAX,200,171,WEEKEND
YVR,200,0.8201463232283797,WEEKEND
LAX,250,211,WEEKEND
JFK,250,205,WEEKEND
LAX,250,225,WEEKEND
YVR,250,0.8904470982308917,WEEKEND
LAX,450,350,WEEKEND
JFK,450,362,WEEKEND
LAX,450,354,WEEKEND
YVR,450,0.8507262066336513,WEEKEND
LAX,200,169,WEEKEND
JFK,200,167,WEEKEND
LAX,200,178,WEEKEND
YVR,200,0.86979107243633,WEEKEND
LAX,250,229,WEEKEND
JFK,250,203,WEEKEND
LAX,250,207,WEEKEND
YVR,250,0.8875251425403256,WEEKEND
LAX,450,366,WEEKEND
JFK,450,366,WEEKEND
LAX,450,361,WEEKEND
YVR,450,0.8231186886072668,WEEKEND
LAX,200,177,WEEKDAY
JFK,200,171,WEEKDAY
LAX,200,183,WEEKDAY
YVR,200,0.8070759319044593,WEEKDAY
LAX,250,221,REDEYE
JFK,250,231,REDEYE
LAX,250,221,REDEYE
YVR,250,0.825389547602753,REDEYE
LAX,450,388,WEEKDAY
JFK,450,377,WEEKDAY
LAX,450,381,WEEKDAY
YVR,450,0.8574378217765637,WEEKDAY
LAX,200,171,REDEYE
JFK,200,168,REDEYE
LAX,200,173,REDEYE
YVR,200,0.8213206925166359,REDEYE
LAX,250,212,WEEKDAY
JFK,250,211,WEEKDAY
LAX,250,216,WEEKDAY
YVR,250,0.8017583240114566,WEEKDAY
LAX,450,361,REDEYE
JFK,450,393,REDEYE
LAX,450,368,REDEYE
YVR,450,0.8303760735031346,REDEYE
LAX,200,170,WEEKDAY
JFK,200,175,WEEKDAY
LAX,200,179,WEEKDAY
YVR,200,0.8283611925287699,WEEKDAY
LAX,250,226,REDEYE
JFK,250,225,REDEYE
LAX,250,223,REDEYE
YVR,250,0.7992288763898617,REDEYE
LAX,450,386,WEEKDAY
JFK,450,388,WEEKDAY
LAX,450,355,WEEKDAY
YVR,450,0.8248051704933272,WEEKDAY
LAX,200,170,REDEYE
JFK,200,180,REDEYE
LAX,200,172,REDEYE
YVR,200,0.7976122878711921,REDEYE
LAX,250,213,WEEKDAY
JFK,250,208,WEEKDAY
LAX,250,218,WEEKDAY
YVR,250,0.7711292985394507,WEEKDAY
LAX,450,370,REDEYE
JFK,450,413,REDEYE
LAX,450,372,REDEYE
YVR,450,0.8010725478472218,REDEYE
LAX,200,175,WEEKEND
JFK,200,172,WEEKEND
LAX,200,182,WEEKEND
YVR,200,0.8286430844952937,WEEKEND
LAX,250,219,WEEKEND
JFK,250,202,WEEKEND
LAX,250,225,WEEKEND
YVR,250,0.8691891250870869,WEEKEND
LAX,450,357,WEEKEND
JFK,450,358,WEEKEND
LAX,450,353,WEEKEND
YVR,450,0.8701148903523145,WEEKEND
LAX,200,164,WEEKEND
JFK,200,163,WEEKEND
LAX,200,171,WEEKEND
YVR,200,0.9070221932274317,WEEKEND
LAX,250,211,WEEKEND
JFK,250,208,WEEKEND
LAX,250,207,WEEKEND
YVR,250,0.8947906630064073,WEEKEND
LAX,450,349,WEEKEND
JFK,450,355,WEEKEND
LAX,450,347,WEEKEND
YVR,450,0.8949377973179983,WEEKEND
LAX,200,175,WEEKDAY
JFK,200,162,WEEKDAY
LAX,200,165,WEEKDAY
YVR,200,0.8689644422582639,WEEKDAY
LAX,250,206,REDEYE
JFK,250,221,REDEYE
LAX,250,209,REDEYE
YVR,250,0.796467796740512,REDEYE
LAX,450,349,WEEKDAY
JFK,450,352,WEEKDAY
LAX,450,380,WEEKDAY
YVR,450,0.8072735588136462,WEEKDAY
LAX,200,176,REDEYE
JFK,200,182,REDEYE
LAX,200,177,REDEYE
YVR,200,0.7930557129190938,REDEYE
LAX,250,212,WEEKDAY
JFK,250,211,WEEKDAY
LAX,250,224,WEEKDAY
YVR,250,0.7802486816025672,WEEKDAY
LAX,450,382,REDEYE
JFK,450,387,REDEYE
LAX,450,359,REDEYE
YVR,450,0.8215229132132049,REDEYE
LAX,200,173,WEEKDAY
JFK,200,161,WEEKDAY
LAX,200,167,WEEKDAY
YVR,200,0.8211328400396286,WEEKDAY
LAX,250,226,REDEYE
JFK,250,216,REDEYE
LAX,250,229,REDEYE
YVR,250,0.7829724929422566,REDEYE
LAX,450,353,WEEKDAY
JFK,450,365,WEEKDAY
LAX,450,383,WEEKDAY
YVR,450,0.8622541015210189,WEEKDAY
LAX,200,174,REDEYE
JFK,200,180,REDEYE
LAX,200,182,REDEYE
YVR,200,0.8678503427537375,REDEYE
LAX,250,224,WEEKDAY
JFK,250,207,WEEKDAY
LAX,250,205,WEEKDAY
YVR,250,0.7768305836753887,WEEKDAY
LAX,450,349,REDEYE
JFK,450,397,REDEYE
LAX,450,364,REDEYE
YVR,450,0.7703171001914415,REDEYE
LAX,200,182,WEEKEND
JFK,200,158,WEEKEND
LAX,200,176,WEEKEND
YVR,200,0.8261797294191578,WEEKEND
LAX,250,209,WEEKEND
JFK,250,217,WEEKEND
LAX,250,223,WEEKEND
YVR,250,0.8931730421750361,WEEKEND
LAX,450,381,WEEKEND
JFK,450,365,WEEKEND
LAX,450,387,WEEKEND
YVR,450,0.9052521397330159,WEEKEND
LAX,200,183,WEEKEND
JFK,200,162,WEEKEND
LAX,200,174,WEEKEND
YVR,200,0.8266166595034402,WEEKEND
LAX,250,225,WEEKEND
JFK,250,196,WEEKEND
LAX,250,214,WEEKEND
YVR,250,0.8208962288758721,WEEKEND
LAX,450,360,WEEKEND
JFK,450,395,WEEKEND
LAX,450,346,WEEKEND
YVR,450,0.8737946643971874,WEEKEND
LAX,200,166,WEEKDAY
JFK,200,165,WEEKDAY
LAX,200,180,WEEKDAY
YVR,200,0.8032711382099607,WEEKDAY
LAX,250,217,REDEYE
JFK,250,230,REDEYE
LAX,250,229,REDEYE
YVR,250,0.7718737901833044,REDEYE
LAX,450,387,WEEKDAY
JFK,450,392,WEEKDAY
LAX,450,387,WEEKDAY
YVR,450,0.7708799244158185,WEEKDAY
LAX,200,169,REDEYE
JFK,200,185,REDEYE
LAX,200,177,REDEYE
YVR,200,0.7911359370268572,REDEYE
LAX,250,227,WEEKDAY
JFK,250,215,WEEKDAY
LAX,250,213,WEEKDAY
YVR,250,0.7900109789269139,WEEKDAY
LAX,450,352,REDEYE
JFK,450,415,REDEYE
LAX,450,357,REDEYE
YVR,450,0.7995363139969934,REDEYE
LAX,200,182,WEEKDAY
JFK,200,174,WEEKDAY
LAX,200,179,WEEKDAY
YVR,200,0.8250665754985187,WEEKDAY
LAX,250,205,REDEYE
JFK,250,227,REDEYE
LAX,250,228,REDEYE
YVR,250,0.7951379697686367,REDEYE
LAX,450,360,WEEKDAY
JFK,450,357,WEEKDAY
LAX,450,389,WEEKDAY
YVR,450,0.7933516552915238,WEEKDAY
LAX,200,182,REDEYE
JFK,200,176,REDEYE
LAX,200,167,REDEYE
YVR,200,0.7910748854215834,REDEYE
LAX,250,225,WEEKDAY
JFK,250,209,WEEKDAY
LAX,250,219,WEEKDAY
YVR,250,0.8587001023141826,WEEKDAY
LAX,450,387,REDEYE
JFK,450,418,REDEYE
LAX,450,369,REDEYE
YVR,450,0.7938591335491791,REDEYE
LAX,200,180,WEEKEND
JFK,200,171,WEEKEND
LAX,200,172,WEEKEND
YVR,200,0.8755330162499478,WEEKEND
LAX,250,223,WEEKEND
JFK,250,212,WEEKEND
LAX,250,224,WEEKEND
YVR,250,0.8652633403504989,WEEKEND
LAX,450,377,WEEKEND
JFK,450,384,WEEKEND
LAX,450,388,WEEKEND
YVR,450,0.8531404956629025,WEEKEND
LAX,200,167,WEEKEND
JFK,200,163,WEEKEND
LAX,200,178,WEEKEND
YVR,200,0.8606760164497401,WEEKEND
LAX,250,215,WEEKEND
JFK,250,218,WEEKEND
LAX,250,222,WEEKEND
YVR,250,0.821599124493112,WEEKEND
LAX,450,353,WEEKEND
JFK,450,379,WEEKEND
LAX,450,377,WEEKEND
YVR,450,0.8385047846329312,WEEKEND
LAX,200,178,WEEKDAY
JFK,200,164,WEEKDAY
LAX,200,177,WEEKDAY
YVR,200,0.8340139066380835,WEEKDAY
LAX,250,221,REDEYE
JFK,250,219,REDEYE
LAX,250,218,REDEYE
YVR,250,0.846148735124507,REDEYE
LAX,450,357,WEEKDAY
JFK,450,395,WEEKDAY
LAX,450,357,WEEKDAY
YVR,450,0.7918369820899464,WEEKDAY
LAX,200,165,REDEYE
JFK,200,176,REDEYE
LAX,200,179,REDEYE
YVR,200,0.7876529603482674,REDEYE
LAX,250,229,WEEKDAY
JFK,250,199,WEEKDAY
LAX,250,207,WEEKDAY
YVR,250,0.8605692590818084,WEEKDAY
LAX,450,382,REDEYE
JFK,450,380,REDEYE
LAX,450,375,REDEYE
YVR,450,0.779778022064862,REDEYE
LAX,200,174,WEEKDAY
JFK,200,169,WEEKDAY
LAX,200,171,WEEKDAY
YVR,200,0.849486043985083,WEEKDAY
LAX,250,218,REDEYE
JFK,250,221,REDEYE
LAX,250,218,REDEYE
YVR,250,0.8578051904786198,REDEYE
LAX,450,384,WEEKDAY
JFK,450,391,WEEKDAY
LAX,450,375,WEEKDAY
YVR,450,0.7846298826208851,WEEKDAY
LAX,200,173,REDEYE
JFK,200,169,REDEYE
LAX,200,173,REDEYE
YVR,200,0.8532974392497354,REDEYE
LAX,250,214,WEEKDAY
JFK,250,205,WEEKDAY
LAX,250,229,WEEKDAY
YVR,250,0.7850056691698268,WEEKDAY
LAX,450,361,REDEYE
JFK,450,406,REDEYE
LAX,450,357,REDEYE
YVR,450,0.774310696384021,REDEYE
LAX,200,169,WEEKEND
JFK,200,157,WEEKEND
LAX,200,164,WEEKEND
YVR,200,0.8486233409954492,WEEKEND
LAX,250,205,WEEKEND
JFK,250,197,WEEKEND
LAX,250,228,WEEKEND
YVR,250,0.8544323263006741,WEEKEND
LAX,450,375,WEEKEND
JFK,450,375,WEEKEND
LAX,450,360,WEEKEND
YVR,450,0.8789540199110407,WEEKEND
LAX,200,172,WEEKEND
JFK,200,161,WEEKEND
LAX,200,169,WEEKEND
YVR,200,0.8642521759869377,WEEKEND
LAX,250,219,WEEKEND
JFK,250,197,WEEKEND
LAX,250,215,WEEKEND
YVR,250,0.8993457047848462,WEEKEND
LAX,450,349,WEEKEND
JFK,450,362,WEEKEND
LAX,450,373,WEEKEND
YVR,450,0.8864766886719407,WEEKEND
LAX,200,171,WEEKDAY
JFK,200,168,WEEKDAY
LAX,200,183,WEEKDAY
YVR,200,0.7819193979035685,WEEKDAY
LAX,250,208,REDEYE
JFK,250,220,REDEYE
LAX,250,222,REDEYE
YVR,250,0.7902367797896599,REDEYE
LAX,450,352,WEEKDAY
JFK,450,354,WEEKDAY
LAX,450,360,WEEKDAY
YVR,450,0.8446162926616987,WEEKDAY
LAX,200,169,REDEYE
JFK,200,167,REDEYE
LAX,200,174,REDEYE
YVR,200,0.7815935140009398,REDEYE
LAX,250,225,WEEKDAY
JFK,250,216,WEEKDAY
LAX,250,216,WEEKDAY
YVR,250,0.8652635368602556,WEEKDAY
LAX,450,364,REDEYE
JFK,450,402,REDEYE
LAX,450,369,REDEYE
YVR,450,0.8511559921074282,REDEYE
LAX,200,172,WEEKDAY
JFK,200,159,WEEKDAY
LAX,200,172,WEEKDAY
YVR,200,0.791983658476469,WEEKDAY
LAX,250,220,REDEYE
JFK,250,229,REDEYE
LAX,250,209,REDEYE
YVR,250,0.798611141230202,REDEYE
LAX,450,357,WEEKDAY
JFK,450,351,WEEKDAY
LAX,450,364,WEEKDAY
YVR,450,0.7952124909514248,WEEKDAY
LAX,200,164,REDEYE
JFK,200,173,REDEYE
LAX,200,171,REDEYE
YVR,200,0.8122844051354686,REDEYE
LAX,250,218,WEEKDAY
JFK,250,216,WEEKDAY
LAX,250,210,WEEKDAY
YVR,250,0.7948639641125431,WEEKDAY
LAX,450,369,REDEYE
JFK,450,405,REDEYE
LAX,450,383,REDEYE
YVR,450,0.7732263008683435,REDEYE
LAX,200,176,WEEKEND
JFK,200,161,WEEKEND
LAX,200,171,WEEKEND
YVR,200,0.8451767186559463,WEEKEND
LAX,250,215,WEEKEND
JFK,250,217,WEEKEND
LAX,250,208,WEEKEND
YVR,250,0.839479874764208,WEEKEND
LAX,450,377,WEEKEND
JFK,450,377,WEEKEND
LAX,450,372,WEEKEND
YVR,450,0.854992418704359,WEEKEND
LAX,200,178,WEEKEND
JFK,200,173,WEEKEND
LAX,200,180,WEEKEND
YVR,200,0.8654264758262389,WEEKEND
LAX,250,210,WEEKEND
JFK,250,217,WEEKEND
LAX,250,224,WEEKEND
YVR,250,0.9074312213975182,WEEKEND
LAX,450,368,WEEKEND
JFK,450,370,WEEKEND
LAX,450,374,WEEKEND
YVR,450,0.8859555970633406,WEEKEND
LAX,200,173,WEEKDAY
JFK,200,169,WEEKDAY
LAX,200,178,WEEKDAY
YVR,200,0.8315482228863605,WEEKDAY
LAX,250,210,REDEYE
JFK,250,221,REDEYE
LAX,250,213,REDEYE
YVR,250,0.8564529018691993,REDEYE
LAX,450,365,WEEKDAY
JFK,450,393,WEEKDAY
LAX,450,352,WEEKDAY
YVR,450,0.8086533447275895,WEEKDAY
LAX,200,175,REDEYE
JFK,200,181,REDEYE
LAX,200,169,REDEYE
YVR,200,0.8126093898204972,REDEYE
LAX,250,227,WEEKDAY
JFK,250,213,WEEKDAY
LAX,250,213,WEEKDAY
YVR,250,0.7944495100021461,WEEKDAY
LAX,450,387,REDEYE
JFK,450,410,REDEYE
LAX,450,359,REDEYE
YVR,450,0.8530202069054142,REDEYE
LAX,200,169,WEEKDAY
JFK,200,175,WEEKDAY
LAX,200,173,WEEKDAY
YVR,200,0.8577360696671196,WEEKDAY
LAX,250,221,REDEYE
JFK,250,213,REDEYE
LAX,250,208,REDEYE
YVR,250,0.8610828941901183,REDEYE
LAX,450,348,WEEKDAY
JFK,450,360,WEEKDAY
LAX,450,352,WEEKDAY
YVR,450,0.8304926501580556,WEEKDAY
LAX,200,165,REDEYE
JFK,200,180,REDEYE
LAX,200,169,REDEYE
YVR,200,0.7813838242290296,REDEYE
LAX,250,217,WEEKDAY
JFK,250,214,WEEKDAY
LAX,250,209,WEEKDAY
YVR,250,0.777226867059556,WEEKDAY
LAX,450,385,REDEYE
JFK,450,396,REDEYE
LAX,450,382,REDEYE
YVR,450,0.8497534506295564,REDEYE
LAX,200,167,WEEKEND
JFK,200,165,WEEKEND
LAX,200,174,WEEKEND
YVR,200,0.9085466041243961,WEEKEND
LAX,250,224,WEEKEND
JFK,250,205,WEEKEND
LAX,250,209,WEEKEND
YVR,250,0.8732268884061363,WEEKEND
LAX,450,386,WEEKEND
JFK,450,390,WEEKEND
LAX,450,365,WEEKEND
YVR,450,0.9120767426278927,WEEKEND
LAX,200,170,WEEKEND
JFK,200,171,WEEKEND
LAX,200,181,WEEKEND
YVR,200,0.9130772888176427,WEEKEND
LAX,250,222,WEEKEND
JFK,250,209,WEEKEND
LAX,250,219,WEEKEND
YVR,250,0.8954751077529726,WEEKEND
LAX,450,384,WEEKEND
JFK,450,352,WEEKEND
LAX,450,371,WEEKEND
YVR,450,0.8570544578203981,WEEKEND
LAX,200,171,WEEKDAY
JFK,200,173,WEEKDAY
LAX,200,171,WEEKDAY
YVR,200,0.8156341939899088,WEEKDAY
LAX,250,222,REDEYE
JFK,250,218,REDEYE
LAX,250,209,REDEYE
YVR,250,0.8051884076862712,REDEYE
LAX,450,379,WEEKDAY
JFK,450,359,WEEKDAY
LAX,450,374,WEEKDAY
YVR,450,0.8096049856827425,WEEKDAY
LAX,200,175,REDEYE
JFK,200,171,REDEYE
LAX,200,165,REDEYE
YVR,200,0.8171315365368407,REDEYE
LAX,250,226,WEEKDAY
JFK,250,212,WEEKDAY
LAX,250,224,WEEKDAY
YVR,250,0.7717110372858409,WEEKDAY
LAX,450,386,REDEYE
JFK,450,373,REDEYE
LAX,450,349,REDEYE
YVR,450,0.7827344647813047,REDEYE
LAX,200,183,WEEKDAY
JFK,200,158,WEEKDAY
LAX,200,178,WEEKDAY
YVR,200,0.7868015661107098,WEEKDAY
LAX,250,219,REDEYE
JFK,250,215,REDEYE
LAX,250,214,REDEYE
YVR,250,0.8266815161159315,REDEYE
LAX,450,354,WEEKDAY
JFK,450,390,WEEKDAY
LAX,450,377,WEEKDAY
YVR,450,0.8571609364066489,WEEKDAY
LAX,200,169,REDEYE
JFK,200,180,REDEYE
LAX,200,175,REDEYE
YVR,200,0.8411395812979615,REDEYE
LAX,250,210,WEEKDAY
JFK,250,219,WEEKDAY
LAX,250,208,WEEKDAY
YVR,250,0.7849495155862949,WEEKDAY
LAX,450,372,REDEYE
JFK,450,397,REDEYE
LAX,450,370,REDEYE
YVR,450,0.815768393311571,REDEYE
LAX,200,179,WEEKEND
JFK,200,167,WEEKEND
LAX,200,165,WEEKEND
YVR,200,0.8827304197491983,WEEKEND
LAX,250,206,WEEKEND
JFK,250,208,WEEKEND
LAX,250,211,WEEKEND
YVR,250,0.8335191039451322,WEEKEND
LAX,450,377,WEEKEND
JFK,450,374,WEEKEND
LAX,450,363,WEEKEND
YVR,450,0.8279688853119724,WEEKEND
LAX,200,178,WEEKEND
JFK,200,166,WEEKEND
LAX,200,169,WEEKEND
YVR,200,0.8812038323684656,WEEKEND
LAX,250,213,WEEKEND
JFK,250,215,WEEKEND
LAX,250,221,WEEKEND
YVR,250,0.8435428373187427,WEEKEND
LAX,450,369,WEEKEND
JFK,450,393,WEEKEND
LAX,450,390,WEEKEND
YVR,450,0.8845057404899692,WEEKEND
LAX,200,167,WEEKDAY
JFK,200,164,WEEKDAY
LAX,200,171,WEEKDAY
YVR,200,0.7871543108502644,WEEKDAY
LAX,250,223,REDEYE
JFK,250,223,REDEYE
LAX,250,225,REDEYE
YVR,250,0.8555905163832497,REDEYE
LAX,450,348,WEEKDAY
JFK,450,364,WEEKDAY
LAX,450,356,WEEKDAY
YVR,450,0.8009740320423713,WEEKDAY
LAX,200,183,REDEYE
JFK,200,172,REDEYE
LAX,200,178,REDEYE
YVR,200,0.812835880185678,REDEYE
LAX,250,225,WEEKDAY
JFK,250,207,WEEKDAY
LAX,250,213,WEEKDAY
YVR,250,0.824996625597225,WEEKDAY
LAX,450,374,REDEYE
JFK,450,399,REDEYE
LAX,450,370,REDEYE
YVR,450,0.8586347960305807,REDEYE
LAX,200,169,WEEKDAY
JFK,200,166,WEEKDAY
LAX,200,165,WEEKDAY
YVR,200,0.8616377425994154,WEEKDAY
LAX,250,227,REDEYE
JFK,250,231,REDEYE
LAX,250,225,REDEYE
YVR,250,0.8544792426793327,REDEYE
LAX,450,389,WEEKDAY
JFK,450,358,WEEKDAY
LAX,450,355,WEEKDAY
YVR,450,0.8384515962867757,WEEKDAY
LAX,200,166,REDEYE
JFK,200,178,REDEYE
LAX,200,173,REDEYE
YVR,200,0.7769187787809277,REDEYE
LAX,250,224,WEEKDAY
JFK,250,219,WEEKDAY
LAX,250,212,WEEKDAY
YVR,250,0.7886789441701629,WEEKDAY
LAX,450,384,REDEYE
JFK,450,406,REDEYE
LAX,450,382,REDEYE
YVR,450,0.8234606501720645,REDEYE
LAX,200,177,WEEKEND
JFK,200,167,WEEKEND
LAX,200,175,WEEKEND
YVR,200,0.9185127523890683,WEEKEND
LAX,250,222,WEEKEND
JFK,250,204,WEEKEND
LAX,250,220,WEEKEND
YVR,250,0.8926146511398391,WEEKEND
LAX,450,366,WEEKEND
JFK,450,369,WEEKEND
LAX,450,380,WEEKEND
YVR,450,0.8391663620244504,WEEKEND
LAX,200,182,WEEKEND
JFK,200,174,WEEKEND
LAX,200,169,WEEKEND
YVR,200,0.8555997210259555,WEEKEND
LAX,250,229,WEEKEND
JFK,250,217,WEEKEND
LAX,250,206,WEEKEND
YVR,250,0.916246484939816,WEEKEND
